id,name,form_type_seq_no
__export__.survey_types_1_student_course_evaluation,Student Course Evaluation,New
__export__.survey_types_2_teacher_evaluation,Teacher Evaluation,TE
__export__.survey_types_9_graduating_student,Survey of Graduating Students,New
__export__.survey_types_alumni_survey,Alumni Survey,New
__export__.survey_types_employer_survey,Employer survey,New
__export__.survey_types_3_faculty_survey,Faculty Survey,New
__export__.survey_types_4_industry_visit,Industry Visit,New
__export__.survey_types_faculty_course_evaluation,Faculty Course Evaluation,New
__export__.survey_types_audit_report,Class Audit,CA
